{
  "0.007": 0.00001085,
  "0.008": 0.00001418,
  "0.009": 0.00001794,
  "0.010": 0.00002215,
  "0.011": 0.0000268,
  "0.012": 0.0000319,
  "0.013": 0.00003744,
  "0.014": 0.00004342,
  "0.015": 0.00004984,
  "0.016": 0.00005671,
  "0.017": 0.00006402,
  "0.018": 0.00007177,
  "0.019": 0.00007997,
  "0.020": 0.00008861,
  "0.022": 0.00010722,
  "0.024": 0.0001276,
  "0.026": 0.00014975
}
