{
  "0.009": 0.000017773844933131698,
  "0.010": 0.00002187550145616209,
  "0.011": 0.000026979718804068754,
  "0.012": 0.000031446033343233,
  "0.013": 0.00003654189517636613,
  "0.014": 0.00004385027421163935,
  "0.016": 0.00005701865088636995,
  "0.017": 0.00006574058194706453,
  "0.018": 0.00007347476805848389,
  "0.022": 0.000108278605559871,
  "0.024": 0.00010926388662157538,
  "0.026": 0.00012403031364368973,
  "0.028": 0.0001447020325843047,
  "0.032": 0.00019410424795143763,
  "0.036": 0.0002455508212035422,
  "0.038": 0.00026597383828584295,
  "0.042": 0.00032218291011152527,
  "0.046": 0.00037186547456608167,
  "0.049": 0.00043748879360715496,
  "0.052": 0.00048043314909421603,
  "0.068": 0.0008531031475339521
}