{
  "0.009": 0.000017773844933131698,
  "0.010": 0.00002187550145616209,
  "0.011": 0.000026797389796001823,
  "0.013": 0.00003654189517636613,
  "0.016": 0.00005800639583564518,
  "0.017": 0.00006574058194706453,
  "0.024": 0.00011024916768327976,
  "0.026": 0.00012403031364368973,
  "0.032": 0.00019644065696283373,
  "0.036": 0.0002455508212035422,
  "0.042": 0.0003281165952053662,
  "0.046": 0.00037186547456608167
}