{
  "0.010": 0.00002187550145616209,
  "0.011": 0.000027344376820202612,
  "0.012": 0.000031446033343233,
  "0.013": 0.000036914908707273524,
  "0.014": 0.00004385027421163935,
  "0.015": 0.0000487225269018215,
  "0.016": 0.00005603090593709472,
  "0.017": 0.00006333928497236795,
  "0.022": 0.00009667732639274197,
  "0.023": 0.00010441151250416132,
  "0.024": 0.00011214569861558067,
  "0.025": 0.00012374697778270972,
  "0.026": 0.00013148116389412906,
  "0.030": 0.00018002105619633802,
  "0.032": 0.00020671718940614954,
  "0.035": 0.00024117005430717448,
  "0.039": 0.00029750239400584016,
  "0.042": 0.000343771149684959,
  "0.045": 0.0004051588549858446,
  "0.047": 0.00043898968846022864,
  "0.052": 0.0005249865523285858,
  "0.053": 0.0005468609920089437,
  "0.056": 0.0006124843110500169
}