{
  "0.010": 0.00002187550145616209,
  "0.011": 0.000027344376820202612,
  "0.012": 0.000031446033343233,
  "0.013": 0.000036914908707273524,
  "0.014": 0.00004385027421163935,
  "0.015": 0.0000487225269018215,
  "0.016": 0.00005603090593709472,
  "0.017": 0.00006333928497236795,
  "0.022": 0.00009667732639274197,
  "0.023": 0.00010634505903201616,
  "0.024": 0.00011601279167129036,
  "0.025": 0.00013148116389412906,
  "0.026": 0.00013534825694983877,
  "0.030": 0.0001826001839754321,
  "0.032": 0.00020901404706621788,
  "0.035": 0.0002549512002675844,
  "0.039": 0.00030079975597433915,
  "0.042": 0.00036832623180531326,
  "0.045": 0.0004174363960460217,
  "0.047": 0.00044842601344733383,
  "0.052": 0.0005468609920089437,
  "0.053": 0.0005687354316893014,
  "0.056": 0.0006343587507303746
}