{
  "0.008": 0.0000142401458191,
  "0.0085": 0.00001607510288,
  "0.009": 0.0000180219146483,
  "0.0095": 0.00002008032129,
  "0.010": 0.0000222518914107,
  "0.0105": 0.00002453144932,
  "0.011": 0.0000269251480883,
  "0.0115": 0.00002942561205,
  "0.012": 0.0000320389593746,
  "0.0125": 0.00003476567932,
  "0.013": 0.0000376052948255,
  "0.0135": 0.00004055150041,
  "0.014": 0.0000436071864643,
  "0.015": 0.0000500500500501,
  "0.016": 0.0000569605832763,
  "0.017": 0.0000643004115227,
  "0.018": 0.0000720876585928,
  "0.019": 0.0000803600128576,
  "0.020": 0.0000890313390317,
  "0.021": 0.0000981546917942,
  "0.022": 0.00010766580534,
  "0.023": 0.000117702448211
}