{
  "0.021": 0.00009387286685,
  "0.022": 0.000103862422,
  "0.023": 0.00011398499841,
  "0.024": 0.00012496333672,
  "0.025": 0.00013605371385,
  "0.026": 0.0001446911105653,
  "0.027": 0.00015657930939,
  "0.028": 0.0001612032239444,
  "0.029": 0.0001785509981956,
  "0.031": 0.0001989023687306,
  "0.033": 0.0002232166273806,
  "0.035": 0.0002490342147771,
  "0.037": 0.0002762373343838,
  "0.039": 0.0003047881215861,
  "0.041": 0.0003349647850192,
  "0.043": 0.0003663565009641,
  "0.045": 0.0004049562924172,
  "0.047": 0.0004474082209718,
  "0.049": 0.0004754384009909,
  "0.051": 0.0005126450908057,
  "0.053": 0.0005518980916134,
  "0.055": 0.0005844067055183,
  "0.057": 0.0006257037816019,
  "0.059": 0.0006791491219082,
  "0.061": 0.0007202925617005,
  "0.063": 0.0007659726512411,
  "0.065": 0.0008211155675331,
  "0.067": 0.0008707071882406,
  "0.070": 0.0009398505353122,
  "0.073": 0.001021517658928,
  "0.076": 0.001110191654089,
  "0.079": 0.001188973949177,
  "0.082": 0.001293597673767,
  "0.086": 0.001416131493543,
  "0.090": 0.001544107110957,
  "0.094": 0.001677764967143,
  "0.098": 0.001831487482919,
  "0.102": 0.001986524282143,
  "0.106": 0.002127413219767,
  "0.110": 0.00228673310777,
  "0.114": 0.00244928609891,
  "0.118": 0.002616406038948,
  "0.124": 0.002880914639303,
  "0.130": 0.003154996196363,
  "0.136": 0.003441821527278,
  "0.142": 0.003741715368578,
  "0.150": 0.004158105197082,
  "0.158": 0.004598455377524,
  "0.166": 0.005078724,
  "0.174": 0.005469937,
  "0.182": 0.006071822,
  "0.190": 0.006605072,
  "0.200": 0.00740951748047,
  "0.210": 0.008037439149054,
  "0.222": 0.009091287321543,
  "0.232": 0.009888443110941,
  "0.244": 0.01090718240691,
  "0.254": 0.0117873195814,
  "0.266": 0.0128975774708
}
